{
  "RequestURL": "https://api.sakari.io/v1/accounts/5c58bb1c585e34634578f16e/contacts/contactId",
  "data": [
    {
      "contact": {
        "firstName": "Aaden",
        "lastName": "Botswana",
        "email": "Aaden@Botswana.com",
        "mobile": {
          "number": "+18663040216"
        }
      }
    },
    {
      "contact": {
        "firstName": "Barnett",
        "lastName": "Colombia",
        "email": "Barnett@Colombia.com",
        "mobile": {
          "number": "+17663050516"
        }
      }
    },
    {
      "contact": {
        "firstName": "Caddie",
        "lastName": "Estonia",
        "email": "Caddie@Estonia.com",
        "mobile": {
          "number": "+15668650216"
        }
      }
    },
    {
      "contact": {
        "firstName": "Daisie",
        "lastName": "Germany",
        "email": "Daisie@Germany.com",
        "mobile": {
          "number": "+14873050216"
        }
      }
    },
    {
      "contact": {
        "firstName": "Eben",
        "lastName": "Ireland",
        "email": "Eben@Ireland.com",
        "mobile": {
          "number": "+19663050216"
        }
      }
    },
    {
      "contact": {
        "firstName": "Fabian",
        "lastName": "Kiribati",
        "email": "Fabian@Kiribati.com",
        "mobile": {
          "number": "+15663050216"
        }
      }
    },
    {
      "contact": {
        "firstName": "Aaden",
        "lastName": "Botswana",
        "email": "Aaden@Botswana.com",
        "mobile": {
          "number": "+18673050216"
        }
      }
    },
    {
      "contact": {
        "firstName": "Gannon",
        "lastName": "Liberia",
        "email": "Gannon@Liberia.com",
        "mobile": {
          "number": "+18593050216"
        }
      }
    },
    {
      "contact": {
        "firstName": "Hailey",
        "lastName": "Maldives",
        "email": "Hailey@Maldives.com",
        "mobile": {
          "number": "+13663050216"
        }
      }
    },
    {
      "contact": {
        "firstName": "Aaden",
        "lastName": "Botswana",
        "email": "Aaden@Botswana.com",
        "mobile": {
          "number": "+15663050216"
        }
      }
    },
    {
      "contact": {
        "firstName": "Irma",
        "lastName": "Norway",
        "email": "Irma@Norway.com",
        "mobile": {
          "number": "+17669050216"
        }
      }
    },
    {
      "contact": {
        "firstName": "John",
        "lastName": "Peru",
        "email": "John@Peru.com",
        "mobile": {
          "number": "+15467050216"
        }
      }
    }
  ]
}